Fecha,Hora,Temp Ext (°C),Temp Máx,Temp Mín,Humedad Ext (%),Punto Rocío,Vel Vent,Dir Vent,Wind Run,Ráfaga Vent,Dir Ráfaga,Sens Term Wind,Índice Calor,THW Index,Presión (hPa),Lluvia (mm),Int Lluvia,Heat D-D,Cool D-D,Temp Int,Humedad Int,Punto Rocío Int,Heat Int,EMC Int,Densidad Aire Int,Muestras Vent,Tx Vent,Recepción ISS,Intervalo Arc
8/10/26,8:26,---,---,---,---,---,0.0,---,0.0,0.0,---,---,---,---,965.9,0.0,0.0,---,---,---,66,---,---,---,---,0,1,0.0,1
8/10/26,8:27,---,---,---,---,---,0.0,---,0.0,0.0,---,---,---,---,966.0,0.0,0.0,---,---,23.8,63,16.4,24.2,11.45,1.1119,0,1,0.0,1
8/10/26,8:28,---,---,---,---,---,0.0,---,0.0,0.0,---,---,---,---,966.0,0.0,0.0,---,---,23.9,63,16.4,24.2,11.45,1.1117,0,1,0.0,1
8/10/26,8:29,---,---,---,---,---,0.0,---,0.0,0.0,---,---,---,---,966.0,0.0,0.0,---,---,24.1,63,16.6,24.4,11.44,1.1108,0,1,0.0,1
8/10/26,8:30,---,---,---,---,---,0.0,---,0.0,0.0,---,---,---,---,966.1,0.0,0.0,---,---,24.1,63,16.6,24.5,11.44,1.1106,0,1,0.0,1
8/10/26,8:31,---,---,---,---,---,0.0,---,0.0,0.0,---,---,---,---,966.1,0.0,0.0,---,---,24.2,62,16.4,24.5,11.24,1.1107,0,1,0.0,1
8/10/26,8:32,---,---,---,---,---,0.0,---,0.0,0.0,---,---,---,---,966.0,0.0,0.0,---,---,24.2,62,16.5,24.6,11.24,1.1104,0,1,0.0,1
8/10/26,8:33,---,---,---,---,---,0.0,---,0.0,0.0,---,---,---,---,966.0,0.0,0.0,---,---,24.3,62,16.5,24.6,11.24,1.1101,0,1,0.0,1
8/10/26,8:34,---,---,---,---,---,0.0,---,0.0,0.0,---,---,---,---,966.1,0.0,0.0,---,---,24.3,62,16.6,24.7,11.23,1.1099,0,1,0.0,1
8/10/26,8:35,---,---,---,---,---,0.0,---,0.0,0.0,---,---,---,---,966.1,0.0,0.0,---,---,24.4,62,16.6,24.8,11.23,1.1096,0,1,0.0,1
8/10/26,8:36,---,---,---,---,---,0.0,---,0.0,0.0,---,---,---,---,966.1,0.0,0.0,---,---,24.4,61,16.4,24.7,11.03,1.1100,0,1,0.0,1
8/10/26,8:37,---,---,---,---,---,0.0,---,0.0,0.0,---,---,---,---,966.1,0.0,0.0,---,---,24.4,61,16.4,24.7,11.03,1.1100,0,1,0.0,1
8/10/26,8:38,---,---,---,---,---,0.0,---,0.0,0.0,---,---,---,---,966.1,0.0,0.0,---,---,24.3,61,16.3,24.7,11.03,1.1103,0,1,0.0,1
8/10/26,8:39,---,---,---,---,---,0.0,---,0.0,0.0,---,---,---,---,966.2,0.0,0.0,---,---,24.3,61,16.3,24.7,11.03,1.1104,0,1,0.0,1
8/10/26,8:40,---,---,---,---,---,0.0,---,0.0,0.0,---,---,---,---,966.2,0.0,0.0,---,---,24.3,62,16.5,24.6,11.24,1.1103,0,1,0.0,1
8/10/26,8:41,---,---,---,67,---,0.0,---,0.0,0.0,---,---,---,---,966.2,0.0,0.0,---,---,24.3,62,16.5,24.6,11.24,1.1103,3,1,13.0,1
8/10/26,8:42,22.8,22.8,22.8,67,16.3,0.0,---,0.0,0.0,---,22.8,23.2,23.2,966.2,0.0,0.0,0.000,0.003,24.3,62,16.5,24.6,11.24,1.1103,23,1,100.0,1
8/10/26,8:43,22.8,22.8,22.8,67,16.4,0.0,---,0.0,0.0,---,22.8,23.2,23.2,966.2,0.0,0.0,0.000,0.003,24.3,62,16.5,24.6,11.24,1.1103,24,1,100.0,1
8/10/26,8:44,22.8,22.8,22.8,67,16.4,0.0,---,0.0,0.0,---,22.8,23.2,23.2,966.2,0.0,0.0,0.000,0.003,24.3,62,16.5,24.6,11.24,1.1102,23,1,100.0,1
8/10/26,8:45,22.8,22.8,22.8,67,16.4,0.0,---,0.0,0.0,---,22.8,23.2,23.2,966.1,0.0,0.0,0.000,0.003,24.3,62,16.5,24.6,11.24,1.1102,24,1,100.0,1
8/10/26,8:46,22.8,22.8,22.8,67,16.4,0.0,---,0.0,0.0,---,22.8,23.2,23.2,966.1,0.0,0.0,0.000,0.003,24.2,62,16.5,24.6,11.24,1.1104,23,1,100.0,1
8/10/26,8:47,22.9,22.9,22.9,67,16.4,0.0,---,0.0,0.0,---,22.9,23.3,23.3,966.1,0.0,0.0,0.000,0.003,24.2,62,16.5,24.6,11.24,1.1105,24,1,100.0,1
8/10/26,8:48,22.9,22.9,22.9,67,16.4,0.0,---,0.0,0.0,---,22.9,23.3,23.3,966.1,0.0,0.0,0.000,0.003,24.3,62,16.5,24.6,11.24,1.1102,23,1,100.0,1
8/10/26,8:49,22.9,22.9,22.9,67,16.4,0.0,---,0.0,0.0,---,22.9,23.3,23.3,966.1,0.0,0.0,0.000,0.003,24.3,62,16.5,24.6,11.24,1.1102,23,1,100.0,1
8/10/26,8:50,22.9,22.9,22.9,67,16.4,0.0,---,0.0,0.0,---,22.9,23.3,23.3,966.0,0.0,0.0,0.000,0.003,24.3,62,16.5,24.6,11.24,1.1101,24,1,100.0,1
8/10/26,8:51,22.9,22.9,22.9,67,16.4,0.0,---,0.0,0.0,---,22.9,23.3,23.3,966.0,0.0,0.0,0.000,0.003,24.3,62,16.5,24.6,11.24,1.1100,23,1,100.0,1
8/10/26,8:52,22.9,22.9,22.9,67,16.5,0.0,---,0.0,0.0,---,22.9,23.4,23.4,966.1,0.0,0.0,0.000,0.003,24.3,62,16.5,24.6,11.24,1.1102,24,1,100.0,1
8/10/26,8:53,22.9,22.9,22.9,67,16.5,0.0,---,0.0,0.0,---,22.9,23.4,23.4,966.1,0.0,0.0,0.000,0.003,24.3,62,16.5,24.6,11.24,1.1101,23,1,100.0,1
8/10/26,8:54,22.9,22.9,22.9,67,16.5,0.0,---,0.0,0.0,---,22.9,23.4,23.4,966.1,0.0,0.0,0.000,0.003,24.3,62,16.5,24.6,11.24,1.1101,23,1,100.0,1
8/10/26,8:55,22.9,22.9,22.9,67,16.5,0.0,---,0.0,0.0,---,22.9,23.4,23.4,966.1,0.0,0.0,0.000,0.003,24.3,62,16.5,24.6,11.24,1.1102,24,1,100.0,1
8/10/26,8:56,22.9,22.9,22.9,67,16.5,0.0,---,0.0,0.0,---,22.9,23.4,23.4,966.1,0.0,0.0,0.000,0.003,24.3,62,16.5,24.6,11.24,1.1102,23,1,100.0,1
8/10/26,8:57,22.9,23.0,22.9,67,16.5,0.0,---,0.0,0.0,---,22.9,23.4,23.4,966.1,0.0,0.0,0.000,0.003,24.3,62,16.5,24.6,11.24,1.1101,24,1,100.0,1
8/10/26,8:58,23.0,23.0,23.0,67,16.5,0.0,---,0.0,0.0,---,23.0,23.4,23.4,966.0,0.0,0.0,0.000,0.003,24.3,62,16.5,24.6,11.24,1.1100,22,1,95.7,1
8/10/26,8:59,23.0,23.0,23.0,67,16.5,0.0,---,0.0,0.0,---,23.0,23.4,23.4,966.0,0.0,0.0,0.000,0.003,24.3,62,16.5,24.6,11.24,1.1100,24,1,100.0,1
8/10/26,9:00,23.0,23.0,23.0,67,16.5,0.0,---,0.0,0.0,---,23.0,23.4,23.4,965.9,0.0,0.0,0.000,0.003,24.3,62,16.5,24.6,11.24,1.1099,23,1,100.0,1
8/10/26,9:01,23.0,23.0,23.0,67,16.5,0.0,---,0.0,0.0,---,23.0,23.4,23.4,965.9,0.0,0.0,0.000,0.003,24.3,62,16.5,24.6,11.24,1.1099,23,1,100.0,1
8/10/26,9:02,23.0,23.0,23.0,67,16.5,0.0,---,0.0,0.0,---,23.0,23.4,23.4,965.9,0.0,0.0,0.000,0.003,24.3,62,16.5,24.6,11.24,1.1100,24,1,100.0,1
8/10/26,9:03,23.0,23.0,23.0,67,16.5,0.0,---,0.0,0.0,---,23.0,23.4,23.4,965.9,0.0,0.0,0.000,0.003,24.3,62,16.5,24.6,11.24,1.1099,23,1,100.0,1
8/10/26,9:04,23.0,23.1,23.0,67,16.5,0.0,---,0.0,0.0,---,23.0,23.4,23.4,966.0,0.0,0.0,0.000,0.003,24.3,62,16.5,24.6,11.24,1.1100,24,1,100.0,1
8/10/26,9:05,23.1,23.1,23.1,67,16.6,0.0,---,0.0,0.0,---,23.1,23.5,23.5,965.9,0.0,0.0,0.000,0.003,24.3,62,16.5,24.6,11.24,1.1099,21,1,91.3,1
8/10/26,9:06,23.1,23.1,23.1,67,16.6,0.0,---,0.0,0.0,---,23.1,23.5,23.5,965.9,0.0,0.0,0.000,0.003,24.3,62,16.5,24.6,11.24,1.1099,23,1,100.0,1
8/10/26,9:07,23.1,23.1,23.1,67,16.6,0.0,---,0.0,0.0,---,23.1,23.5,23.5,965.8,0.0,0.0,0.000,0.003,24.3,62,16.5,24.6,11.24,1.1098,24,1,100.0,1
8/10/26,9:08,23.1,23.1,23.1,67,16.6,0.0,---,0.0,0.0,---,23.1,23.5,23.5,965.8,0.0,0.0,0.000,0.003,24.3,62,16.5,24.6,11.24,1.1098,23,1,100.0,1
8/10/26,9:09,23.1,23.1,23.1,67,16.6,0.0,---,0.0,0.0,---,23.1,23.5,23.5,965.8,0.0,0.0,0.000,0.003,24.3,62,16.5,24.6,11.24,1.1098,24,1,100.0,1
8/10/26,9:10,23.1,23.1,23.1,67,16.6,0.0,---,0.0,0.0,---,23.1,23.6,23.6,965.7,0.0,0.0,0.000,0.003,24.3,62,16.5,24.6,11.24,1.1097,23,1,100.0,1
8/10/26,9:11,23.1,23.1,23.1,67,16.6,0.0,---,0.0,0.0,---,23.1,23.6,23.6,965.8,0.0,0.0,0.000,0.003,24.3,62,16.5,24.6,11.24,1.1098,24,1,100.0,1
8/10/26,9:12,23.1,23.1,23.1,67,16.6,0.0,---,0.0,0.0,---,23.1,23.6,23.6,965.7,0.0,0.0,0.000,0.003,24.3,62,16.5,24.6,11.24,1.1097,23,1,100.0,1
8/10/26,9:13,23.1,23.1,23.1,67,16.6,0.0,---,0.0,0.0,---,23.1,23.6,23.6,965.7,0.0,0.0,0.000,0.003,24.3,62,16.5,24.6,11.24,1.1097,23,1,100.0,1
8/10/26,9:14,23.1,23.1,23.1,66,16.4,0.0,---,0.0,0.0,---,23.1,23.6,23.6,965.8,0.0,0.0,0.000,0.003,24.3,62,16.5,24.6,11.24,1.1098,23,1,100.0,1
8/10/26,9:15,23.1,23.1,23.1,66,16.4,0.0,---,0.0,0.0,---,23.1,23.6,23.6,965.6,0.0,0.0,0.000,0.003,24.3,62,16.5,24.6,11.24,1.1096,23,1,100.0,1
8/10/26,9:16,23.1,23.1,23.1,66,16.4,0.0,---,0.0,0.0,---,23.1,23.6,23.6,965.6,0.0,0.0,0.000,0.003,24.3,62,16.5,24.6,11.24,1.1096,24,1,100.0,1
8/10/26,9:17,23.1,23.1,23.1,66,16.4,0.0,---,0.0,0.0,---,23.1,23.6,23.6,965.6,0.0,0.0,0.000,0.003,24.3,62,16.5,24.6,11.24,1.1096,23,1,100.0,1
8/10/26,9:18,23.1,23.1,23.1,66,16.4,0.0,---,0.0,0.0,---,23.1,23.6,23.6,965.7,0.0,0.0,0.000,0.003,24.3,62,16.5,24.6,11.24,1.1096,23,1,100.0,1
8/10/26,9:19,23.1,23.1,23.1,66,16.4,0.0,---,0.0,0.0,---,23.1,23.6,23.6,965.6,0.0,0.0,0.000,0.003,24.3,62,16.5,24.6,11.24,1.1096,24,1,100.0,1
8/10/26,9:20,23.2,23.2,23.1,66,16.5,0.0,---,0.0,0.0,---,23.2,23.6,23.6,965.7,0.0,0.0,0.000,0.003,24.3,62,16.5,24.6,11.24,1.1097,23,1,100.0,1
8/10/26,9:21,23.2,23.2,23.1,66,16.5,0.0,---,0.0,0.0,---,23.2,23.6,23.6,965.6,0.0,0.0,0.000,0.003,24.3,62,16.5,24.6,11.24,1.1096,24,1,100.0,1
8/10/26,9:22,23.2,23.2,23.1,66,16.5,0.0,---,0.0,0.0,---,23.2,23.6,23.6,965.7,0.0,0.0,0.000,0.003,24.3,62,16.5,24.6,11.24,1.1096,22,1,95.7,1
8/10/26,9:23,23.2,23.2,23.2,66,16.5,0.0,---,0.0,0.0,---,23.2,23.6,23.6,965.6,0.0,0.0,0.000,0.003,24.3,62,16.5,24.6,11.24,1.1096,24,1,100.0,1
8/10/26,9:24,23.2,23.2,23.2,66,16.5,0.0,---,0.0,0.0,---,23.2,23.6,23.6,965.6,0.0,0.0,0.000,0.003,24.3,62,16.5,24.6,11.24,1.1095,23,1,100.0,1
8/10/26,9:25,23.2,23.2,23.2,66,16.5,0.0,---,0.0,0.0,---,23.2,23.6,23.6,965.4,0.0,0.0,0.000,0.003,24.3,62,16.5,24.6,11.24,1.1094,23,1,100.0,1
8/10/26,9:26,23.2,23.2,23.2,66,16.5,0.0,---,0.0,0.0,---,23.2,23.6,23.6,965.4,0.0,0.0,0.000,0.003,24.3,62,16.5,24.6,11.24,1.1093,24,1,100.0,1
8/10/26,9:27,23.2,23.2,23.2,66,16.5,0.0,---,0.0,0.0,---,23.2,23.6,23.6,965.4,0.0,0.0,0.000,0.003,24.3,62,16.5,24.6,11.24,1.1093,23,1,100.0,1
8/10/26,9:28,23.2,23.2,23.2,66,16.5,0.0,---,0.0,0.0,---,23.2,23.6,23.6,965.4,0.0,0.0,0.000,0.003,24.3,62,16.5,24.6,11.24,1.1094,24,1,100.0,1
8/10/26,9:29,23.2,23.2,23.2,66,16.5,0.0,---,0.0,0.0,---,23.2,23.6,23.6,965.4,0.0,0.0,0.000,0.003,24.3,62,16.5,24.6,11.24,1.1094,23,1,100.0,1
8/10/26,9:30,23.2,23.2,23.2,66,16.5,0.0,---,0.0,0.0,---,23.2,23.6,23.6,965.4,0.0,0.0,0.000,0.003,24.3,62,16.5,24.6,11.24,1.1094,23,1,100.0,1
8/10/26,9:31,23.2,23.2,23.2,66,16.5,0.0,---,0.0,0.0,---,23.2,23.6,23.6,965.3,0.0,0.0,0.000,0.003,24.3,62,16.5,24.6,11.24,1.1092,24,1,100.0,1
8/10/26,9:32,23.2,23.2,23.2,66,16.5,0.0,---,0.0,0.0,---,23.2,23.6,23.6,965.3,0.0,0.0,0.000,0.003,24.3,62,16.5,24.6,11.24,1.1092,22,1,95.7,1
8/10/26,9:33,23.2,23.2,23.2,66,16.5,0.0,---,0.0,0.0,---,23.2,23.6,23.6,965.2,0.0,0.0,0.000,0.003,24.3,62,16.5,24.6,11.24,1.1091,24,1,100.0,1
8/10/26,9:34,23.2,23.2,23.2,66,16.5,0.0,---,0.0,0.0,---,23.2,23.6,23.6,965.2,0.0,0.0,0.000,0.003,24.3,62,16.5,24.6,11.24,1.1091,23,1,100.0,1
8/10/26,9:35,23.2,23.2,23.2,66,16.5,0.0,---,0.0,0.0,---,23.2,23.6,23.6,965.2,0.0,0.0,0.000,0.003,24.3,62,16.5,24.6,11.24,1.1091,24,1,100.0,1
8/10/26,9:36,23.2,23.2,23.2,66,16.5,0.0,---,0.0,0.0,---,23.2,23.7,23.7,965.3,0.0,0.0,0.000,0.003,24.3,62,16.5,24.6,11.24,1.1092,23,1,100.0,1
8/10/26,9:37,23.2,23.2,23.2,66,16.5,0.0,---,0.0,0.0,---,23.2,23.7,23.7,965.2,0.0,0.0,0.000,0.003,24.3,62,16.5,24.6,11.24,1.1091,23,1,100.0,1
8/10/26,9:38,23.2,23.2,23.2,66,16.5,0.0,---,0.0,0.0,---,23.2,23.7,23.7,965.2,0.0,0.0,0.000,0.003,24.3,62,16.5,24.6,11.24,1.1090,24,1,100.0,1
8/10/26,9:39,23.2,23.2,23.2,66,16.5,0.0,---,0.0,0.0,---,23.2,23.7,23.7,965.0,0.0,0.0,0.000,0.003,24.3,62,16.5,24.6,11.24,1.1089,23,1,100.0,1
8/10/26,9:40,23.2,23.2,23.2,66,16.5,0.0,---,0.0,0.0,---,23.2,23.7,23.7,965.0,0.0,0.0,0.000,0.003,24.3,62,16.5,24.6,11.24,1.1088,24,1,100.0,1
8/10/26,9:41,23.2,23.2,23.2,66,16.5,0.0,---,0.0,0.0,---,23.2,23.7,23.7,965.0,0.0,0.0,0.000,0.003,24.3,62,16.5,24.6,11.24,1.1088,23,1,100.0,1
8/10/26,9:42,23.2,23.2,23.2,66,16.5,0.0,---,0.0,0.0,---,23.2,23.7,23.7,965.0,0.0,0.0,0.000,0.003,24.3,62,16.5,24.6,11.24,1.1089,23,1,100.0,1
8/10/26,9:43,23.2,23.2,23.2,66,16.5,0.0,---,0.0,0.0,---,23.2,23.7,23.7,965.0,0.0,0.0,0.000,0.003,24.3,62,16.5,24.6,11.24,1.1089,24,1,100.0,1
8/10/26,9:44,23.2,23.2,23.2,66,16.5,0.0,---,0.0,0.0,---,23.2,23.7,23.7,965.1,0.0,0.0,0.000,0.003,24.3,62,16.5,24.6,11.24,1.1089,23,1,100.0,1
8/10/26,9:45,23.2,23.2,23.2,66,16.5,0.0,---,0.0,0.0,---,23.2,23.7,23.7,965.1,0.0,0.0,0.000,0.003,24.3,62,16.5,24.6,11.24,1.1090,24,1,100.0,1
8/10/26,9:46,23.2,23.2,23.2,66,16.5,0.0,---,0.0,0.0,---,23.2,23.7,23.7,965.0,0.0,0.0,0.000,0.003,24.3,62,16.5,24.6,11.24,1.1089,23,1,100.0,1
8/10/26,9:47,23.2,23.2,23.2,66,16.5,0.0,---,0.0,0.0,---,23.2,23.7,23.7,965.0,0.0,0.0,0.000,0.003,24.3,62,16.5,24.6,11.24,1.1088,24,1,100.0,1
8/10/26,9:48,23.2,23.2,23.2,66,16.5,0.0,---,0.0,0.0,---,23.2,23.7,23.7,964.9,0.0,0.0,0.000,0.003,24.3,62,16.6,24.7,11.23,1.1085,23,1,100.0,1
8/10/26,9:49,23.2,23.2,23.2,66,16.5,0.0,---,0.0,0.0,---,23.2,23.7,23.7,964.9,0.0,0.0,0.000,0.003,24.3,62,16.6,24.7,11.23,1.1084,23,1,100.0,1
8/10/26,9:50,23.2,23.2,23.2,66,16.5,0.0,---,0.0,0.0,---,23.2,23.7,23.7,965.0,0.0,0.0,0.000,0.003,24.3,61,16.3,24.7,11.03,1.1089,23,1,100.0,1
8/10/26,9:51,23.2,23.2,23.2,66,16.5,0.0,---,0.0,0.0,---,23.2,23.7,23.7,964.9,0.0,0.0,0.000,0.003,24.3,61,16.3,24.7,11.03,1.1088,23,1,100.0,1
8/10/26,9:52,23.2,23.2,23.2,66,16.5,0.0,---,0.0,0.0,---,23.2,23.7,23.7,964.9,0.0,0.0,0.000,0.003,24.3,61,16.3,24.7,11.03,1.1088,24,1,100.0,1
8/10/26,9:53,23.2,23.2,23.2,66,16.5,0.0,---,0.0,0.0,---,23.2,23.7,23.7,964.9,0.0,0.0,0.000,0.003,24.3,61,16.3,24.7,11.03,1.1088,23,1,100.0,1
8/10/26,9:54,23.2,23.2,23.2,66,16.5,0.0,---,0.0,0.0,---,23.2,23.7,23.7,964.8,0.0,0.0,0.000,0.003,24.3,61,16.3,24.7,11.03,1.1087,23,1,100.0,1
8/10/26,9:55,23.2,23.3,23.2,66,16.5,0.0,---,0.0,0.0,---,23.2,23.7,23.7,964.8,0.0,0.0,0.000,0.003,24.3,61,16.3,24.7,11.03,1.1087,24,1,100.0,1
8/10/26,9:56,23.2,23.2,23.2,66,16.5,0.0,---,0.0,0.0,---,23.2,23.7,23.7,964.8,0.0,0.0,0.000,0.003,24.3,61,16.3,24.7,11.03,1.1086,23,1,100.0,1
8/10/26,9:57,23.2,23.3,23.2,66,16.5,0.0,---,0.0,0.0,---,23.2,23.7,23.7,964.8,0.0,0.0,0.000,0.003,24.3,61,16.3,24.7,11.03,1.1087,24,1,100.0,1
8/10/26,9:58,23.3,23.3,23.2,66,16.6,0.0,---,0.0,0.0,---,23.3,23.7,23.7,964.8,0.0,0.0,0.000,0.003,24.3,61,16.3,24.7,11.03,1.1087,23,1,100.0,1
8/10/26,9:59,23.3,23.3,23.2,66,16.6,0.0,---,0.0,0.0,---,23.3,23.7,23.7,964.8,0.0,0.0,0.000,0.003,24.3,61,16.3,24.7,11.03,1.1087,23,1,100.0,1
8/10/26,10:00,23.3,23.3,23.2,66,16.6,0.0,---,0.0,0.0,---,23.3,23.7,23.7,964.8,0.0,0.0,0.000,0.003,24.3,61,16.3,24.7,11.03,1.1086,24,1,100.0,1
8/10/26,10:01,23.3,23.3,23.2,65,16.3,0.0,---,0.0,0.0,---,23.3,23.7,23.7,964.8,0.0,0.0,0.000,0.003,24.3,61,16.3,24.7,11.03,1.1087,23,1,100.0,1
8/10/26,10:02,23.3,23.3,23.3,65,16.3,0.0,---,0.0,0.0,---,23.3,23.7,23.7,964.7,0.0,0.0,0.000,0.003,24.3,61,16.3,24.7,11.03,1.1086,24,1,100.0,1
8/10/26,10:03,23.3,23.3,23.3,65,16.3,0.0,---,0.0,0.0,---,23.3,23.7,23.7,964.7,0.0,0.0,0.000,0.003,24.3,61,16.3,24.7,11.03,1.1086,23,1,100.0,1
8/10/26,10:04,23.3,23.3,23.3,66,16.6,0.0,---,0.0,0.0,---,23.3,23.7,23.7,964.6,0.0,0.0,0.000,0.003,24.3,61,16.3,24.7,11.03,1.1085,24,1,100.0,1
8/10/26,10:05,23.3,23.3,23.3,65,16.3,0.0,---,0.0,0.0,---,23.3,23.7,23.7,964.7,0.0,0.0,0.000,0.003,24.3,61,16.3,24.7,11.03,1.1086,23,1,100.0,1
8/10/26,10:06,23.3,23.3,23.3,65,16.3,0.0,---,0.0,0.0,---,23.3,23.7,23.7,964.6,0.0,0.0,0.000,0.003,24.3,61,16.3,24.7,11.03,1.1085,23,1,100.0,1
8/10/26,10:07,23.3,23.3,23.3,65,16.3,0.0,---,0.0,0.0,---,23.3,23.7,23.7,964.6,0.0,0.0,0.000,0.003,24.3,61,16.3,24.7,11.03,1.1085,24,1,100.0,1
8/10/26,10:08,23.3,23.3,23.3,65,16.3,0.0,---,0.0,0.0,---,23.3,23.7,23.7,964.7,0.0,0.0,0.000,0.003,24.4,61,16.4,24.7,11.03,1.1083,23,1,100.0,1
8/10/26,10:09,23.3,23.3,23.3,65,16.3,0.0,---,0.0,0.0,---,23.3,23.7,23.7,964.6,0.0,0.0,0.000,0.003,24.4,61,16.4,24.7,11.03,1.1082,24,1,100.0,1
8/10/26,10:10,23.3,23.3,23.3,65,16.3,0.0,---,0.0,0.0,---,23.3,23.7,23.7,964.5,0.0,0.0,0.000,0.003,24.4,61,16.4,24.7,11.03,1.1081,23,1,100.0,1
8/10/26,10:11,23.3,23.3,23.3,65,16.3,0.0,---,0.0,0.0,---,23.3,23.7,23.7,964.5,0.0,0.0,0.000,0.003,24.3,61,16.3,24.7,11.03,1.1083,23,1,100.0,1
8/10/26,10:12,23.3,23.3,23.3,65,16.3,0.0,---,0.0,0.0,---,23.3,23.7,23.7,964.4,0.0,0.0,0.000,0.003,24.4,61,16.4,24.7,11.03,1.1080,24,1,100.0,1
8/10/26,10:13,23.3,23.3,23.3,65,16.3,0.0,---,0.0,0.0,---,23.3,23.7,23.7,964.5,0.0,0.0,0.000,0.003,24.4,61,16.4,24.7,11.03,1.1081,23,1,100.0,1
8/10/26,10:14,23.3,23.3,23.3,65,16.3,0.0,---,0.0,0.0,---,23.3,23.7,23.7,964.5,0.0,0.0,0.000,0.003,24.4,61,16.4,24.7,11.03,1.1080,24,1,100.0,1
8/10/26,10:15,23.3,23.3,23.3,65,16.4,0.0,---,0.0,0.0,---,23.3,23.8,23.8,964.5,0.0,0.0,0.000,0.003,24.4,61,16.4,24.7,11.03,1.1080,23,1,100.0,1
8/10/26,10:16,23.3,23.3,23.3,65,16.4,0.0,---,0.0,0.0,---,23.3,23.8,23.8,964.4,0.0,0.0,0.000,0.003,24.4,61,16.4,24.7,11.03,1.1080,24,1,100.0,1
8/10/26,10:17,23.3,23.3,23.3,65,16.4,0.0,---,0.0,0.0,---,23.3,23.8,23.8,964.4,0.0,0.0,0.000,0.003,24.4,61,16.4,24.7,11.03,1.1080,23,1,100.0,1
8/10/26,10:18,23.3,23.3,23.3,65,16.4,0.0,---,0.0,0.0,---,23.3,23.8,23.8,964.4,0.0,0.0,0.000,0.003,24.4,61,16.4,24.7,11.03,1.1079,23,1,100.0,1
8/10/26,10:19,23.3,23.3,23.3,65,16.4,0.0,---,0.0,0.0,---,23.3,23.8,23.8,964.3,0.0,0.0,0.000,0.003,24.4,61,16.4,24.7,11.03,1.1079,24,1,100.0,1
8/10/26,10:20,23.3,23.3,23.3,65,16.4,0.0,---,0.0,0.0,---,23.3,23.8,23.8,964.4,0.0,0.0,0.000,0.003,24.4,61,16.4,24.7,11.03,1.1079,23,1,100.0,1
8/10/26,10:21,23.3,23.3,23.3,65,16.4,0.0,---,0.0,0.0,---,23.3,23.8,23.8,964.3,0.0,0.0,0.000,0.003,24.4,61,16.4,24.7,11.03,1.1079,24,1,100.0,1
8/10/26,10:22,23.3,23.3,23.3,65,16.4,0.0,---,0.0,0.0,---,23.3,23.8,23.8,964.3,0.0,0.0,0.000,0.003,24.4,61,16.4,24.7,11.03,1.1079,23,1,100.0,1
8/10/26,10:23,23.3,23.3,23.3,65,16.4,0.0,---,0.0,0.0,---,23.3,23.8,23.8,964.3,0.0,0.0,0.000,0.003,24.4,61,16.4,24.7,11.03,1.1078,23,1,100.0,1
8/10/26,10:24,23.3,23.3,23.3,65,16.4,0.0,---,0.0,0.0,---,23.3,23.8,23.8,964.2,0.0,0.0,0.000,0.003,24.4,61,16.4,24.7,11.03,1.1077,24,1,100.0,1
8/10/26,10:25,23.3,23.3,23.3,65,16.4,0.0,---,0.0,0.0,---,23.3,23.8,23.8,964.2,0.0,0.0,0.000,0.003,24.4,61,16.4,24.7,11.03,1.1077,23,1,100.0,1
8/10/26,10:26,23.3,23.3,23.3,65,16.4,0.0,---,0.0,0.0,---,23.3,23.8,23.8,964.2,0.0,0.0,0.000,0.003,24.4,61,16.4,24.7,11.03,1.1077,24,1,100.0,1
8/10/26,10:27,23.3,23.3,23.3,65,16.4,0.0,---,0.0,0.0,---,23.3,23.8,23.8,964.2,0.0,0.0,0.000,0.003,24.4,61,16.4,24.8,11.03,1.1074,23,1,100.0,1
8/10/26,10:28,23.4,23.4,23.3,65,16.4,0.0,---,0.0,0.0,---,23.4,23.8,23.8,964.2,0.0,0.0,0.000,0.004,24.4,61,16.4,24.8,11.03,1.1075,24,1,100.0,1
8/10/26,10:29,23.3,23.4,23.3,65,16.4,0.0,---,0.0,0.0,---,23.3,23.8,23.8,964.2,0.0,0.0,0.000,0.003,24.4,61,16.4,24.8,11.03,1.1075,23,1,100.0,1
8/10/26,10:30,23.3,23.4,23.3,65,16.4,0.0,---,0.0,0.0,---,23.3,23.8,23.8,964.2,0.0,0.0,0.000,0.003,24.4,61,16.4,24.8,11.03,1.1074,23,1,100.0,1
8/10/26,10:31,23.4,23.4,23.3,65,16.4,0.0,---,0.0,0.0,---,23.4,23.8,23.8,964.2,0.0,0.0,0.000,0.004,24.4,61,16.4,24.8,11.03,1.1075,24,1,100.0,1
8/10/26,10:32,23.4,23.4,23.4,65,16.4,0.0,---,0.0,0.0,---,23.4,23.8,23.8,964.2,0.0,0.0,0.000,0.004,24.4,61,16.4,24.7,11.03,1.1077,23,1,100.0,1
8/10/26,10:33,23.4,23.4,23.4,64,16.2,0.0,---,0.0,0.0,---,23.4,23.8,23.8,964.3,0.0,0.0,0.000,0.004,24.4,61,16.4,24.8,11.03,1.1075,24,1,100.0,1
8/10/26,10:34,23.4,23.4,23.4,65,16.4,0.0,---,0.0,0.0,---,23.4,23.8,23.8,964.2,0.0,0.0,0.000,0.004,24.4,61,16.4,24.8,11.03,1.1074,23,1,100.0,1
8/10/26,10:35,23.4,23.4,23.4,65,16.4,0.0,---,0.0,0.0,---,23.4,23.8,23.8,964.1,0.0,0.0,0.000,0.004,24.4,60,16.2,24.7,10.91,1.1077,23,1,100.0,1
8/10/26,10:36,23.4,23.4,23.4,65,16.4,0.0,---,0.0,0.0,---,23.4,23.8,23.8,964.1,0.0,0.0,0.000,0.004,24.4,60,16.2,24.7,10.91,1.1077,24,1,100.0,1
8/10/26,10:37,23.4,23.4,23.4,65,16.4,0.0,---,0.0,0.0,---,23.4,23.8,23.8,964.1,0.0,0.0,0.000,0.004,24.4,61,16.4,24.8,11.03,1.1073,22,1,95.7,1
8/10/26,10:38,23.4,23.4,23.4,65,16.4,0.0,---,0.0,0.0,---,23.4,23.8,23.8,964.1,0.0,0.0,0.000,0.004,24.4,61,16.4,24.8,11.03,1.1073,24,1,100.0,1
8/10/26,10:39,23.4,23.4,23.4,65,16.4,0.0,---,0.0,0.0,---,23.4,23.8,23.8,964.0,0.0,0.0,0.000,0.004,24.4,61,16.4,24.8,11.03,1.1072,23,1,100.0,1
8/10/26,10:40,23.4,23.4,23.4,65,16.4,0.0,---,0.0,0.0,---,23.4,23.8,23.8,964.1,0.0,0.0,0.000,0.004,24.4,60,16.2,24.7,10.91,1.1077,24,1,100.0,1
8/10/26,10:41,23.4,23.4,23.4,65,16.4,0.0,---,0.0,0.0,---,23.4,23.8,23.8,964.0,0.0,0.0,0.000,0.004,24.4,60,16.2,24.7,10.91,1.1076,22,1,95.7,1
8/10/26,10:42,23.4,23.4,23.4,65,16.4,0.0,---,0.0,0.0,---,23.4,23.8,23.8,964.1,0.0,0.0,0.000,0.004,24.4,60,16.2,24.7,10.91,1.1077,23,1,100.0,1
8/10/26,10:43,23.4,23.4,23.4,65,16.4,0.0,---,0.0,0.0,---,23.4,23.8,23.8,964.1,0.0,0.0,0.000,0.004,24.5,60,16.2,24.8,10.91,1.1075,24,1,100.0,1
8/10/26,10:44,23.4,23.4,23.4,65,16.4,0.0,---,0.0,0.0,---,23.4,23.8,23.8,964.2,0.0,0.0,0.000,0.004,24.5,60,16.2,24.8,10.91,1.1075,23,1,100.0,1
8/10/26,10:45,23.4,23.4,23.4,65,16.4,0.0,---,0.0,0.0,---,23.4,23.8,23.8,964.1,0.0,0.0,0.000,0.004,24.4,60,16.2,24.7,10.91,1.1077,24,1,100.0,1
8/10/26,10:46,23.4,23.4,23.4,65,16.4,0.0,---,0.0,0.0,---,23.4,23.8,23.8,964.1,0.0,0.0,0.000,0.004,24.4,60,16.2,24.7,10.91,1.1077,23,1,100.0,1
8/10/26,10:47,23.4,23.4,23.4,64,16.2,0.0,---,0.0,0.0,---,23.4,23.8,23.8,964.1,0.0,0.0,0.000,0.004,24.4,60,16.2,24.7,10.91,1.1077,23,1,100.0,1
8/10/26,10:48,23.4,23.4,23.4,64,16.2,0.0,---,0.0,0.0,---,23.4,23.8,23.8,964.0,0.0,0.0,0.000,0.004,24.5,60,16.2,24.8,10.91,1.1073,24,1,100.0,1
8/10/26,10:49,23.4,23.4,23.4,64,16.2,0.0,---,0.0,0.0,---,23.4,23.8,23.8,964.0,0.0,0.0,0.000,0.004,24.5,60,16.2,24.8,10.91,1.1073,23,1,100.0,1
8/10/26,10:50,23.4,23.4,23.4,64,16.2,0.0,---,0.0,0.0,---,23.4,23.8,23.8,964.0,0.0,0.0,0.000,0.004,24.5,60,16.2,24.8,10.91,1.1073,24,1,100.0,1
8/10/26,10:51,23.4,23.4,23.4,64,16.2,0.0,---,0.0,0.0,---,23.4,23.8,23.8,964.0,0.0,0.0,0.000,0.004,24.5,60,16.2,24.8,10.91,1.1073,22,1,95.7,1
8/10/26,10:52,23.4,23.4,23.4,64,16.2,0.0,---,0.0,0.0,---,23.4,23.8,23.8,964.0,0.0,0.0,0.000,0.004,24.5,60,16.2,24.8,10.91,1.1073,24,1,100.0,1
8/10/26,10:53,23.4,23.4,23.4,64,16.2,0.0,---,0.0,0.0,---,23.4,23.8,23.8,963.9,0.0,0.0,0.000,0.004,24.5,60,16.2,24.8,10.91,1.1072,23,1,100.0,1
8/10/26,10:54,23.4,23.4,23.4,64,16.2,0.0,---,0.0,0.0,---,23.4,23.8,23.8,963.9,0.0,0.0,0.000,0.004,24.5,60,16.2,24.8,10.91,1.1072,22,1,95.7,1
8/10/26,10:55,23.4,23.4,23.4,64,16.2,0.0,---,0.0,0.0,---,23.4,23.8,23.8,963.8,0.0,0.0,0.000,0.004,24.5,60,16.2,24.8,10.91,1.1071,24,1,100.0,1
8/10/26,10:56,23.4,23.5,23.4,64,16.2,0.0,---,0.0,0.0,---,23.4,23.8,23.8,963.8,0.0,0.0,0.000,0.004,24.5,60,16.2,24.8,10.91,1.1071,23,1,100.0,1
8/10/26,10:57,23.5,23.5,23.4,64,16.3,0.0,---,0.0,0.0,---,23.5,23.9,23.9,963.9,0.0,0.0,0.000,0.004,24.5,60,16.2,24.8,10.91,1.1071,24,1,100.0,1
8/10/26,10:58,23.5,23.5,23.4,64,16.3,0.0,---,0.0,0.0,---,23.5,23.9,23.9,963.9,0.0,0.0,0.000,0.004,24.5,60,16.2,24.8,10.91,1.1071,23,1,100.0,1
8/10/26,10:59,23.5,23.5,23.4,64,16.3,0.0,---,0.0,0.0,---,23.5,23.9,23.9,963.9,0.0,0.0,0.000,0.004,24.5,60,16.2,24.8,10.91,1.1072,23,1,100.0,1
8/10/26,11:00,23.5,23.5,23.4,64,16.3,0.0,---,0.0,0.0,---,23.5,23.9,23.9,963.9,0.0,0.0,0.000,0.004,24.5,60,16.2,24.8,10.91,1.1071,24,1,100.0,1
8/10/26,11:14,23.5,23.5,23.5,64,16.3,0.0,---,0.0,0.0,---,23.5,23.9,23.9,963.7,0.0,0.0,0.000,0.004,---,60,---,---,---,---,8,1,34.8,1
8/10/26,11:15,23.5,23.6,23.5,64,16.3,0.0,---,0.0,0.0,---,23.5,23.9,23.9,963.7,0.0,0.0,0.000,0.004,24.6,60,16.3,24.8,10.90,1.1066,23,1,100.0,1
8/10/26,12:00,23.6,23.7,23.6,63,16.2,0.0,---,0.0,0.0,---,23.6,23.9,23.9,963.1,0.0,0.0,0.000,0.220,24.6,60,16.3,24.9,10.90,1.1057,9,1,29.9,0
8/10/26,13:00,23.7,23.8,23.6,63,16.3,0.0,---,0.0,0.0,---,23.7,24.1,24.1,962.4,0.0,0.0,0.000,0.225,24.7,59,16.2,24.9,10.69,1.1047,0,1,100.0,0
8/10/26,14:00,23.8,23.9,23.8,62,16.1,0.0,---,0.0,0.0,---,23.8,24.2,24.2,960.9,0.0,0.0,0.000,0.229,24.8,59,16.2,25.0,10.69,1.1026,2,1,100.0,0
8/10/26,15:00,23.9,24.0,23.9,61,16.0,0.0,---,0.0,0.0,---,23.9,24.2,24.2,960.2,0.0,0.0,0.000,0.234,24.9,57,15.8,25.1,10.28,1.1020,96,1,100.0,0
8/10/26,16:00,23.9,24.0,23.8,58,15.1,0.0,---,0.0,0.0,---,23.9,24.1,24.1,960.5,0.0,0.0,0.000,0.231,24.8,55,15.2,24.9,9.98,1.1033,0,1,100.0,0
8/10/26,17:00,23.7,23.8,23.7,60,15.5,0.0,---,0.0,0.0,---,23.7,23.9,23.9,960.3,0.0,0.0,0.000,0.225,24.7,56,15.3,24.8,10.19,1.1036,97,1,100.0,0
8/10/26,18:00,23.8,23.8,23.7,61,15.8,0.0,---,0.0,0.0,---,23.8,24.1,24.1,961.2,0.0,0.0,0.000,0.227,24.7,56,15.4,24.9,10.19,1.1044,97,1,100.0,0
8/10/26,19:00,23.8,23.8,23.7,60,15.5,0.0,---,0.0,0.0,---,23.8,24.0,24.0,963.0,0.0,0.0,0.000,0.227,24.7,56,15.3,24.8,10.19,1.1067,98,1,100.0,0
8/10/26,20:00,23.7,23.7,23.6,60,15.4,0.0,---,0.0,0.0,---,23.7,23.9,23.9,963.9,0.0,0.0,0.000,0.222,24.6,56,15.2,24.7,10.20,1.1084,96,1,100.0,0
